Team Name,ET_score,ET_std,ET_median,TC_score,TC_std,TC_median,WT_score,WT_std,WT_median,ET_rank,TC_rank,WT_rank,avg_rank
NVAUTO,0.6025045263024307,0.23669805955408044,0.5848359849466648,0.6513972472758425,0.2470875910629491,0.5956869963138043,0.6210970756744105,0.233743444802576,0.6131645235746127,1,1,1,1.0
S_Y,0.5713838327917923,0.2758121998303479,0.5734419427588051,0.6203049526382162,0.2924673441328568,0.6418277495692742,0.5994135342957595,0.2851463429237884,0.6148642264623615,2,2,2,2.0
blackbean,0.5670479843368131,0.2603263263880652,0.5824557466683398,0.6104297253640903,0.2756340514050182,0.5842398243519166,0.5741568536910616,0.2728335571997787,0.5746756187668597,3,3,3,3.0
