Team Name,ET_score,ET_std,ET_median,TC_score,TC_std,TC_median,WT_score,WT_std,WT_median,ET_rank,TC_rank,WT_rank,avg_rank
NVAUTO,0.5540820708774684,0.2507501754563636,0.5535428187493415,0.6207100915487818,0.2580503629749798,0.5955949549007601,0.6052707908942497,0.2390290958122947,0.6131645235746127,1,1,1,1.0
S_Y,0.5285079637693005,0.2860075243758493,0.49171037559534575,0.5956804136952021,0.29888579153920075,0.555577637382567,0.5825268484700519,0.2889695164645927,0.6002995172961785,3,2,2,2.3333333333333335
blackbean,0.5289346982504112,0.270128125327892,0.5339864535093346,0.5833508504332288,0.27910414125560207,0.544170986444837,0.5587278282512549,0.27358364392380685,0.5400884167792536,2,3,3,2.6666666666666665
