Team,ET_score,ET_std,ET_rank,TC_score,TC_std,TC_rank,WT_score,WT_std,WT_rank,avg_rank
NVAUTO,0.5720898534097474,0.2464732993500918,1.0,0.6318309286712895,0.257202978015078,1.0,0.614085735241451,0.24172415520434395,1.0,1.0
S_Y,0.5442862782133941,0.283864683760322,3.0,0.6055238323145212,0.2967124650351119,2.0,0.59090225674795,0.2908204176141038,2.0,2.3333333333333335
blackbean,0.5448294708302219,0.2685925983543454,2.0,0.5940041772233179,0.279292373249955,3.0,0.5672567594681173,0.27680612372539376,3.0,2.6666666666666665
