Team,ET_score,ET_std,ET_rank,TC_score,TC_std,TC_rank,WT_score,WT_std,WT_rank,avg_rank
NVAUTO,0.5540820708774684,0.2507501754563636,1.0,0.6207100915487818,0.2580503629749798,1.0,0.6052707908942497,0.2390290958122947,1.0,1.0
S_Y,0.5285079637693005,0.2860075243758493,3.0,0.5956804136952021,0.29888579153920075,2.0,0.5825268484700519,0.2889695164645927,2.0,2.3333333333333335
blackbean,0.5289346982504112,0.270128125327892,2.0,0.5833508504332288,0.27910414125560207,3.0,0.5587278282512549,0.27358364392380685,3.0,2.6666666666666665
