Team,ET_score,ET_std,ET_rank,TC_score,TC_std,TC_rank,WT_score,WT_std,WT_rank,avg_rank
NVAUTO,0.7447707129990908,0.19917769215636918,1.0,0.804659905078522,0.21203783993938843,1.0,0.773685405924255,0.23138952156763157,1.0,1.0
blackbean,0.6938404379993863,0.25544590906814435,2.0,0.7511490698590199,0.2806166848852186,2.0,0.7316698082389056,0.28202534465311435,3.0,2.3333333333333335
S_Y,0.6931161162994068,0.26558270513460924,3.0,0.7452775177895675,0.2902370635833456,3.0,0.7419276193108045,0.28016530585817334,2.0,2.6666666666666665
