Team,ET_score,ET_std,ET_rank,TC_score,TC_std,TC_rank,WT_score,WT_std,WT_rank,avg_rank
NVAUTO,0.6704543365804984,0.32785095132256126,1.0,0.7379871192450091,0.3385245493646268,1.0,0.7096619806990051,0.3449055777266215,1.0,1.0
S_Y,0.6071865971752387,0.3745268327574204,2.0,0.6918896533662087,0.3728583885468835,2.0,0.6734816869525704,0.37919974347494767,2.0,2.0
blackbean,0.5897159700520425,0.37968874711612044,3.0,0.6903161496685717,0.3726092665455626,3.0,0.6668597344356922,0.3762159688567678,3.0,3.0
