Team,ET_score,ET_std,ET_rank,TC_score,TC_std,TC_rank,WT_score,WT_std,WT_rank,avg_rank
NVAUTO,0.5917942337561921,0.23787038278058145,1.0,0.6397430698703328,0.24815782714717824,1.0,0.6121328219007358,0.2312047826831197,1.0,1.0
S_Y,0.560961474686181,0.27614432858369725,2.0,0.609977644081006,0.2947367646411944,2.0,0.5908680165908143,0.283472821895778,2.0,2.0
blackbean,0.556367505226003,0.2597897987362171,3.0,0.5992988143020048,0.27562676401162417,3.0,0.5654488886881539,0.2697324531793283,3.0,3.0
