Team,ET_score,ET_std,ET_rank,TC_score,TC_std,TC_rank,WT_score,WT_std,WT_rank,avg_rank
NVAUTO,0.6025045263024307,0.23669805955408044,1.0,0.6513972472758425,0.2470875910629491,1.0,0.6210970756744105,0.233743444802576,1.0,1.0
S_Y,0.5713838327917923,0.2758121998303479,2.0,0.6203049526382162,0.2924673441328568,2.0,0.5994135342957595,0.2851463429237884,2.0,2.0
blackbean,0.5670479843368131,0.2603263263880652,3.0,0.6104297253640903,0.2756340514050182,3.0,0.5741568536910616,0.2728335571997787,3.0,3.0
