Team Name,ET_score,ET_std,ET_median,TC_score,TC_std,TC_median,WT_score,WT_std,WT_median,ET_rank,TC_rank,WT_rank,avg_rank
NVAUTO,0.5720898534097474,0.2464732993500918,0.5697434303908654,0.6318309286712895,0.257202978015078,0.5956869963138043,0.614085735241451,0.24172415520434395,0.6162613530260589,1,1,1,1.0
S_Y,0.5442862782133941,0.283864683760322,0.5193504054358318,0.6055238323145212,0.2967124650351119,0.5734593928498324,0.59090225674795,0.2908204176141038,0.6148642264623615,3,2,2,2.3333333333333335
blackbean,0.5448294708302219,0.2685925983543454,0.5617999500301935,0.5940041772233179,0.279292373249955,0.5821558588844138,0.5672567594681173,0.27680612372539376,0.5746756187668597,2,3,3,2.6666666666666665
